Player Name,Player Website
Dennis Schroder,http://www.espn.com/nba/player/_/id/3032979/dennis-schroder
Taurean Prince,http://www.espn.com/nba/player/_/id/2990962/taurean-prince
Kent Bazemore,http://www.espn.com/nba/player/_/id/6637/kent-bazemore
Marco Belinelli,http://www.espn.com/nba/player/_/id/3190/marco-belinelli
Ersan Ilyasova,http://www.espn.com/nba/player/_/id/2767/ersan-ilyasova
Damion Lee,http://www.espn.com/nba/player/_/id/2595209/damion-lee
John Collins,http://www.espn.com/nba/player/_/id/3908845/john-collins
Dewayne Dedmon,http://www.espn.com/nba/player/_/id/2580913/dewayne-dedmon
Mike Muscala,http://www.espn.com/nba/player/_/id/2490089/mike-muscala
Tyler Dorsey,http://www.espn.com/nba/player/_/id/3915560/tyler-dorsey
Isaiah Taylor,http://www.espn.com/nba/player/_/id/3059336/isaiah-taylor
Malcolm Delaney,http://www.espn.com/nba/player/_/id/2282205/malcolm-delaney
Luke Babbitt,http://www.espn.com/nba/player/_/id/4250/luke-babbitt
DeAndre' Bembry,http://www.espn.com/nba/player/_/id/3062667/deandre'-bembry
Tyler Cavanaugh,http://www.espn.com/nba/player/_/id/2982349/tyler-cavanaugh
Jaylen Morris,http://www.espn.com/nba/player/_/id/3952343/jaylen-morris
Andrew White III,http://www.espn.com/nba/player/_/id/2990972/andrew-white-iii
Miles Plumlee,http://www.espn.com/nba/player/_/id/6616/miles-plumlee
Antonius Cleveland,http://www.espn.com/nba/player/_/id/3064237/antonius-cleveland
Josh Magette,http://www.espn.com/nba/player/_/id/4064727/josh-magette
Jeremy Evans,http://www.espn.com/nba/player/_/id/4295/jeremy-evans
Nicolas Brussino,http://www.espn.com/nba/player/_/id/3929314/nicolas-brussino
Jayson Tatum,http://www.espn.com/nba/player/_/id/4065648/jayson-tatum
Jaylen Brown,http://www.espn.com/nba/player/_/id/3917376/jaylen-brown
Terry Rozier,http://www.espn.com/nba/player/_/id/3074752/terry-rozier
Al Horford,http://www.espn.com/nba/player/_/id/3213/al-horford
Marcus Morris,http://www.espn.com/nba/player/_/id/6462/marcus-morris
Marcus Smart,http://www.espn.com/nba/player/_/id/2990992/marcus-smart
Aron Baynes,http://www.espn.com/nba/player/_/id/2968439/aron-baynes
Greg Monroe,http://www.espn.com/nba/player/_/id/4260/greg-monroe
Shane Larkin,http://www.espn.com/nba/player/_/id/2596158/shane-larkin
Semi Ojeleye,http://www.espn.com/nba/player/_/id/3056602/semi-ojeleye
Abdel Nader,http://www.espn.com/nba/player/_/id/2595435/abdel-nader
Guerschon Yabusele,http://www.espn.com/nba/player/_/id/4017844/guerschon-yabusele
Jeremy Lin,http://www.espn.com/nba/player/_/id/4299/jeremy-lin
D'Angelo Russell,http://www.espn.com/nba/player/_/id/3136776/d'angelo-russell
Rondae Hollis-Jefferson,http://www.espn.com/nba/player/_/id/3064291/rondae-hollis-jefferson
DeMarre Carroll,http://www.espn.com/nba/player/_/id/3970/demarre-carroll
Allen Crabbe,http://www.espn.com/nba/player/_/id/2531210/allen-crabbe
Spencer Dinwiddie,http://www.espn.com/nba/player/_/id/2580782/spencer-dinwiddie
Caris LeVert,http://www.espn.com/nba/player/_/id/2991043/caris-levert
Joe Harris,http://www.espn.com/nba/player/_/id/2528794/joe-harris
Trevor Booker,http://www.espn.com/nba/player/_/id/4270/trevor-booker
Jarrett Allen,http://www.espn.com/nba/player/_/id/4066328/jarrett-allen
Dante Cunningham,http://www.espn.com/nba/player/_/id/3974/dante-cunningham
Tyler Zeller,http://www.espn.com/nba/player/_/id/6631/tyler-zeller
Jahlil Okafor,http://www.espn.com/nba/player/_/id/3135048/jahlil-okafor
Isaiah Whitehead,http://www.espn.com/nba/player/_/id/3136477/isaiah-whitehead
Quincy Acy,http://www.espn.com/nba/player/_/id/6576/quincy-acy
Nik Stauskas,http://www.espn.com/nba/player/_/id/2991042/nik-stauskas
Sean Kilpatrick,http://www.espn.com/nba/player/_/id/2488689/sean-kilpatrick
Timofey Mozgov,http://www.espn.com/nba/player/_/id/4298/timofey-mozgov
Milton Doyle,http://www.espn.com/nba/player/_/id/2992564/milton-doyle
James Webb III,http://www.espn.com/nba/player/_/id/3079021/james-webb-iii
Jacob Wiley,http://www.espn.com/nba/player/_/id/2995079/jacob-wiley
Rashad Vaughn,http://www.espn.com/nba/player/_/id/3137733/rashad-vaughn
Kemba Walker,http://www.espn.com/nba/player/_/id/6479/kemba-walker
Dwight Howard,http://www.espn.com/nba/player/_/id/2384/dwight-howard
Jeremy Lamb,http://www.espn.com/nba/player/_/id/6603/jeremy-lamb
Nicolas Batum,http://www.espn.com/nba/player/_/id/3416/nicolas-batum
Frank Kaminsky,http://www.espn.com/nba/player/_/id/2579294/frank-kaminsky
Marvin Williams,http://www.espn.com/nba/player/_/id/2797/marvin-williams
Michael Kidd-Gilchrist,http://www.espn.com/nba/player/_/id/6601/michael-kidd-gilchrist
Cody Zeller,http://www.espn.com/nba/player/_/id/2579258/cody-zeller
Malik Monk,http://www.espn.com/nba/player/_/id/4066262/malik-monk
Willy Hernangomez,http://www.espn.com/nba/player/_/id/2999409/willy-hernangomez
Johnny O'Bryant III,http://www.espn.com/nba/player/_/id/2581084/johnny-o'bryant-iii
Michael Carter-Williams,http://www.espn.com/nba/player/_/id/2596108/michael-carter-williams
Treveon Graham,http://www.espn.com/nba/player/_/id/2595231/treveon-graham
Dwayne Bacon,http://www.espn.com/nba/player/_/id/3907821/dwayne-bacon
Marcus Paige,http://www.espn.com/nba/player/_/id/2982329/marcus-paige
Mangok Mathiang,http://www.espn.com/nba/player/_/id/2991054/mangok-mathiang
Julyan Stone,http://www.espn.com/nba/player/_/id/6543/julyan-stone
Nikola Mirotic,http://www.espn.com/nba/player/_/id/6459/nikola-mirotic
Zach LaVine,http://www.espn.com/nba/player/_/id/3064440/zach-lavine
Lauri Markkanen,http://www.espn.com/nba/player/_/id/4066336/lauri-markkanen
Kris Dunn,http://www.espn.com/nba/player/_/id/2991139/kris-dunn
Bobby Portis,http://www.espn.com/nba/player/_/id/3064482/bobby-portis
Justin Holiday,http://www.espn.com/nba/player/_/id/2284101/justin-holiday
Robin Lopez,http://www.espn.com/nba/player/_/id/3447/robin-lopez
Denzel Valentine,http://www.espn.com/nba/player/_/id/2999549/denzel-valentine
Cameron Payne,http://www.espn.com/nba/player/_/id/3064230/cameron-payne
Jerian Grant,http://www.espn.com/nba/player/_/id/2531047/jerian-grant
Antonio Blakeney,http://www.espn.com/nba/player/_/id/3907386/antonio-blakeney
David Nwaba,http://www.espn.com/nba/player/_/id/3062744/david-nwaba
Noah Vonleh,http://www.espn.com/nba/player/_/id/3078284/noah-vonleh
Cristiano Felicio,http://www.espn.com/nba/player/_/id/3113587/cristiano-felicio
Paul Zipser,http://www.espn.com/nba/player/_/id/3893023/paul-zipser
Kay Felder,http://www.espn.com/nba/player/_/id/3062892/kay-felder
Ryan Arcidiacono,http://www.espn.com/nba/player/_/id/2991047/ryan-arcidiacono
Quincy Pondexter,http://www.espn.com/nba/player/_/id/4253/quincy-pondexter
Omer Asik,http://www.espn.com/nba/player/_/id/3414/omer-asik
Jarell Eddie,http://www.espn.com/nba/player/_/id/2528803/jarell-eddie
LeBron James,http://www.espn.com/nba/player/_/id/1966/lebron-james
Kevin Love,http://www.espn.com/nba/player/_/id/3449/kevin-love
Kyle Korver,http://www.espn.com/nba/player/_/id/2011/kyle-korver
George Hill,http://www.espn.com/nba/player/_/id/3438/george-hill
JR Smith,http://www.espn.com/nba/player/_/id/2444/jr-smith
Jeff Green,http://www.espn.com/nba/player/_/id/3209/jeff-green
Tristan Thompson,http://www.espn.com/nba/player/_/id/6474/tristan-thompson
Jordan Clarkson,http://www.espn.com/nba/player/_/id/2528426/jordan-clarkson
Rodney Hood,http://www.espn.com/nba/player/_/id/2581177/rodney-hood
Larry Nance Jr.,http://www.espn.com/nba/player/_/id/2580365/larry-nance-jr.
Jose Calderon,http://www.espn.com/nba/player/_/id/2806/jose-calderon
Ante Zizic,http://www.espn.com/nba/player/_/id/4017838/ante-zizic
Cedi Osman,http://www.espn.com/nba/player/_/id/3893016/cedi-osman
Harrison Barnes,http://www.espn.com/nba/player/_/id/6578/harrison-barnes
Dennis Smith Jr.,http://www.espn.com/nba/player/_/id/4065697/dennis-smith-jr.
Wesley Matthews,http://www.espn.com/nba/player/_/id/4032/wesley-matthews
Dirk Nowitzki,http://www.espn.com/nba/player/_/id/609/dirk-nowitzki
J.J. Barea,http://www.espn.com/nba/player/_/id/3055/j.j.-barea
Yogi Ferrell,http://www.espn.com/nba/player/_/id/2991018/yogi-ferrell
Doug McDermott,http://www.espn.com/nba/player/_/id/2528588/doug-mcdermott
Johnathan Motley,http://www.espn.com/nba/player/_/id/3059306/johnathan-motley
Dwight Powell,http://www.espn.com/nba/player/_/id/2531367/dwight-powell
Devin Harris,http://www.espn.com/nba/player/_/id/2382/devin-harris
Aaron Harrison,http://www.espn.com/nba/player/_/id/3064510/aaron-harrison
Dorian Finney-Smith,http://www.espn.com/nba/player/_/id/2578185/dorian-finney-smith
Jalen Jones,http://www.espn.com/nba/player/_/id/2579476/jalen-jones
Jameel Warney,http://www.espn.com/nba/player/_/id/2982185/jameel-warney
Maximilian Kleber,http://www.espn.com/nba/player/_/id/2960236/maximilian-kleber
Nerlens Noel,http://www.espn.com/nba/player/_/id/2991280/nerlens-noel
Salah Mejri,http://www.espn.com/nba/player/_/id/2968458/salah-mejri
Kyle Collinsworth,http://www.espn.com/nba/player/_/id/2528327/kyle-collinsworth
Gian Clavell,http://www.espn.com/nba/player/_/id/3137694/gian-clavell
Jeff Withey,http://www.espn.com/nba/player/_/id/2333797/jeff-withey
Scotty Hopson,http://www.espn.com/nba/player/_/id/2328418/scotty-hopson
Josh McRoberts,http://www.espn.com/nba/player/_/id/3220/josh-mcroberts
Nikola Jokic,http://www.espn.com/nba/player/_/id/3112335/nikola-jokic
Gary Harris,http://www.espn.com/nba/player/_/id/2999547/gary-harris
Jamal Murray,http://www.espn.com/nba/player/_/id/3936299/jamal-murray
Will Barton,http://www.espn.com/nba/player/_/id/6579/will-barton
Paul Millsap,http://www.espn.com/nba/player/_/id/3015/paul-millsap
Wilson Chandler,http://www.espn.com/nba/player/_/id/3194/wilson-chandler
Trey Lyles,http://www.espn.com/nba/player/_/id/3136196/trey-lyles
Emmanuel Mudiay,http://www.espn.com/nba/player/_/id/3892818/emmanuel-mudiay
Mason Plumlee,http://www.espn.com/nba/player/_/id/2488653/mason-plumlee
Kenneth Faried,http://www.espn.com/nba/player/_/id/6433/kenneth-faried
Torrey Craig,http://www.espn.com/nba/player/_/id/2528693/torrey-craig
Monte Morris,http://www.espn.com/nba/player/_/id/3059310/monte-morris
Juan Hernangomez,http://www.espn.com/nba/player/_/id/4017839/juan-hernangomez
Malik Beasley,http://www.espn.com/nba/player/_/id/3907822/malik-beasley
Darrell Arthur,http://www.espn.com/nba/player/_/id/3413/darrell-arthur
Richard Jefferson,http://www.espn.com/nba/player/_/id/1006/richard-jefferson
Tyler Lydon,http://www.espn.com/nba/player/_/id/3934662/tyler-lydon
Blake Griffin,http://www.espn.com/nba/player/_/id/3989/blake-griffin
Tobias Harris,http://www.espn.com/nba/player/_/id/6440/tobias-harris
Avery Bradley,http://www.espn.com/nba/player/_/id/4240/avery-bradley
Andre Drummond,http://www.espn.com/nba/player/_/id/6585/andre-drummond
Reggie Jackson,http://www.espn.com/nba/player/_/id/6443/reggie-jackson
Reggie Bullock,http://www.espn.com/nba/player/_/id/2528779/reggie-bullock
Ish Smith,http://www.espn.com/nba/player/_/id/4305/ish-smith
Anthony Tolliver,http://www.espn.com/nba/player/_/id/3276/anthony-tolliver
Stanley Johnson,http://www.espn.com/nba/player/_/id/3134881/stanley-johnson
Luke Kennard,http://www.espn.com/nba/player/_/id/3913174/luke-kennard
James Ennis III,http://www.espn.com/nba/player/_/id/2579321/james-ennis-iii
Dwight Buycks,http://www.espn.com/nba/player/_/id/6503/dwight-buycks
Boban Marjanovic,http://www.espn.com/nba/player/_/id/4376/boban-marjanovic
Langston Galloway,http://www.espn.com/nba/player/_/id/2530572/langston-galloway
Jon Leuer,http://www.espn.com/nba/player/_/id/6452/jon-leuer
Henry Ellenson,http://www.espn.com/nba/player/_/id/3906522/henry-ellenson
Jameer Nelson,http://www.espn.com/nba/player/_/id/2439/jameer-nelson
Eric Moreland,http://www.espn.com/nba/player/_/id/2531352/eric-moreland
Reggie Hearn,http://www.espn.com/nba/player/_/id/2488938/reggie-hearn
Willie Reed,http://www.espn.com/nba/player/_/id/2326015/willie-reed
Luis Montero,http://www.espn.com/nba/player/_/id/3911666/luis-montero
Kevin Durant,http://www.espn.com/nba/player/_/id/3202/kevin-durant
Stephen Curry,http://www.espn.com/nba/player/_/id/3975/stephen-curry
Klay Thompson,http://www.espn.com/nba/player/_/id/6475/klay-thompson
Draymond Green,http://www.espn.com/nba/player/_/id/6589/draymond-green
Andre Iguodala,http://www.espn.com/nba/player/_/id/2386/andre-iguodala
Shaun Livingston,http://www.espn.com/nba/player/_/id/2393/shaun-livingston
JaVale McGee,http://www.espn.com/nba/player/_/id/3452/javale-mcgee
Quinn Cook,http://www.espn.com/nba/player/_/id/2566745/quinn-cook
Kevon Looney,http://www.espn.com/nba/player/_/id/3155535/kevon-looney
David West,http://www.espn.com/nba/player/_/id/2177/david-west
Nick Young,http://www.espn.com/nba/player/_/id/3243/nick-young
Zaza Pachulia,http://www.espn.com/nba/player/_/id/2016/zaza-pachulia
Jordan Bell,http://www.espn.com/nba/player/_/id/3064427/jordan-bell
Damian Jones,http://www.espn.com/nba/player/_/id/3064559/damian-jones
Patrick McCaw,http://www.espn.com/nba/player/_/id/3137730/patrick-mccaw
James Harden,http://www.espn.com/nba/player/_/id/3992/james-harden
Chris Paul,http://www.espn.com/nba/player/_/id/2779/chris-paul
Eric Gordon,http://www.espn.com/nba/player/_/id/3431/eric-gordon
Clint Capela,http://www.espn.com/nba/player/_/id/3102529/clint-capela
PJ Tucker,http://www.espn.com/nba/player/_/id/3033/pj-tucker
Trevor Ariza,http://www.espn.com/nba/player/_/id/2426/trevor-ariza
Gerald Green,http://www.espn.com/nba/player/_/id/2761/gerald-green
Nene Hilario,http://www.espn.com/nba/player/_/id/1713/nene-hilario
Luc Mbah a Moute,http://www.espn.com/nba/player/_/id/3451/luc-mbah-a-moute
Ryan Anderson,http://www.espn.com/nba/player/_/id/3412/ryan-anderson
Joe Johnson,http://www.espn.com/nba/player/_/id/1007/joe-johnson
Aaron Jackson,http://www.espn.com/nba/player/_/id/2198243/aaron-jackson
Zhou Qi,http://www.espn.com/nba/player/_/id/3892894/zhou-qi
Tarik Black,http://www.espn.com/nba/player/_/id/2528393/tarik-black
Chinanu Onuaku,http://www.espn.com/nba/player/_/id/3147366/chinanu-onuaku
Victor Oladipo,http://www.espn.com/nba/player/_/id/2527963/victor-oladipo
Bojan Bogdanovic,http://www.espn.com/nba/player/_/id/3593/bojan-bogdanovic
Myles Turner,http://www.espn.com/nba/player/_/id/3133628/myles-turner
Domantas Sabonis,http://www.espn.com/nba/player/_/id/3155942/domantas-sabonis
Thaddeus Young,http://www.espn.com/nba/player/_/id/3244/thaddeus-young
Darren Collison,http://www.espn.com/nba/player/_/id/3973/darren-collison
Lance Stephenson,http://www.espn.com/nba/player/_/id/4244/lance-stephenson
Cory Joseph,http://www.espn.com/nba/player/_/id/6446/cory-joseph
Glenn Robinson III,http://www.espn.com/nba/player/_/id/2991039/glenn-robinson-iii
Joe Young,http://www.espn.com/nba/player/_/id/2528386/joe-young
T.J. Leaf,http://www.espn.com/nba/player/_/id/4066425/t.j.-leaf
Lou Williams,http://www.espn.com/nba/player/_/id/2799/lou-williams
Danilo Gallinari,http://www.espn.com/nba/player/_/id/3428/danilo-gallinari
Austin Rivers,http://www.espn.com/nba/player/_/id/6617/austin-rivers
Patrick Beverley,http://www.espn.com/nba/player/_/id/3964/patrick-beverley
DeAndre Jordan,http://www.espn.com/nba/player/_/id/3442/deandre-jordan
Montrezl Harrell,http://www.espn.com/nba/player/_/id/2991055/montrezl-harrell
Tyrone Wallace,http://www.espn.com/nba/player/_/id/3002137/tyrone-wallace
Milos Teodosic,http://www.espn.com/nba/player/_/id/4192/milos-teodosic
Jamil Wilson,http://www.espn.com/nba/player/_/id/2488977/jamil-wilson
C.J. Williams,http://www.espn.com/nba/player/_/id/2325499/c.j.-williams
Wesley Johnson,http://www.espn.com/nba/player/_/id/4247/wesley-johnson
Jawun Evans,http://www.espn.com/nba/player/_/id/3912854/jawun-evans
Sam Dekker,http://www.espn.com/nba/player/_/id/2991184/sam-dekker
Sindarius Thornwell,http://www.espn.com/nba/player/_/id/3064539/sindarius-thornwell
Brice Johnson,http://www.espn.com/nba/player/_/id/2982330/brice-johnson
Julius Randle,http://www.espn.com/nba/player/_/id/3064514/julius-randle
Kyle Kuzma,http://www.espn.com/nba/player/_/id/3134907/kyle-kuzma
Brandon Ingram,http://www.espn.com/nba/player/_/id/3913176/brandon-ingram
Isaiah Thomas,http://www.espn.com/nba/player/_/id/6472/isaiah-thomas
Kentavious Caldwell-Pope,http://www.espn.com/nba/player/_/id/2581018/kentavious-caldwell-pope
Brook Lopez,http://www.espn.com/nba/player/_/id/3448/brook-lopez
Andre Ingram,http://www.espn.com/nba/player/_/id/2141179/andre-ingram
Lonzo Ball,http://www.espn.com/nba/player/_/id/4066421/lonzo-ball
Josh Hart,http://www.espn.com/nba/player/_/id/3062679/josh-hart
Channing Frye,http://www.espn.com/nba/player/_/id/2754/channing-frye
Travis Wear,http://www.espn.com/nba/player/_/id/2488674/travis-wear
Tyler Ennis,http://www.espn.com/nba/player/_/id/3059281/tyler-ennis
Ivica Zubac,http://www.espn.com/nba/player/_/id/4017837/ivica-zubac
Corey Brewer,http://www.espn.com/nba/player/_/id/3191/corey-brewer
Alex Caruso,http://www.espn.com/nba/player/_/id/2991350/alex-caruso
Gary Payton II,http://www.espn.com/nba/player/_/id/3134903/gary-payton-ii
Luol Deng,http://www.espn.com/nba/player/_/id/2429/luol-deng
Andrew Bogut,http://www.espn.com/nba/player/_/id/2747/andrew-bogut
Nigel Hayes,http://www.espn.com/nba/player/_/id/3059409/nigel-hayes
Thomas Bryant,http://www.espn.com/nba/player/_/id/3934723/thomas-bryant
Derrick Williams,http://www.espn.com/nba/player/_/id/6480/derrick-williams
Vander Blue,http://www.espn.com/nba/player/_/id/2531039/vander-blue
MarShon Brooks,http://www.espn.com/nba/player/_/id/6428/marshon-brooks
Tyreke Evans,http://www.espn.com/nba/player/_/id/3983/tyreke-evans
Marc Gasol,http://www.espn.com/nba/player/_/id/3206/marc-gasol
Mike Conley,http://www.espn.com/nba/player/_/id/3195/mike-conley
Dillon Brooks,http://www.espn.com/nba/player/_/id/3155526/dillon-brooks
JaMychal Green,http://www.espn.com/nba/player/_/id/2327577/jamychal-green
Andrew Harrison,http://www.espn.com/nba/player/_/id/3064511/andrew-harrison
Wayne Selden,http://www.espn.com/nba/player/_/id/3059316/wayne-selden
Chandler Parsons,http://www.espn.com/nba/player/_/id/6466/chandler-parsons
Jarell Martin,http://www.espn.com/nba/player/_/id/3064517/jarell-martin
Mario Chalmers,http://www.espn.com/nba/player/_/id/3419/mario-chalmers
Ben McLemore,http://www.espn.com/nba/player/_/id/2578213/ben-mclemore
Kobi Simmons,http://www.espn.com/nba/player/_/id/4066335/kobi-simmons
Deyonta Davis,http://www.espn.com/nba/player/_/id/3937101/deyonta-davis
Xavier Rathan-Mayes,http://www.espn.com/nba/player/_/id/3059247/xavier-rathan-mayes
Ivan Rabb,http://www.espn.com/nba/player/_/id/3917378/ivan-rabb
Omari Johnson,http://www.espn.com/nba/player/_/id/2284046/omari-johnson
Myke Henry,http://www.espn.com/nba/player/_/id/2579251/myke-henry
Brandan Wright,http://www.espn.com/nba/player/_/id/3242/brandan-wright
Briante Weber,http://www.espn.com/nba/player/_/id/2595229/briante-weber
Marquis Teague,http://www.espn.com/nba/player/_/id/6626/marquis-teague
Vince Hunter,http://www.espn.com/nba/player/_/id/3057304/vince-hunter
Goran Dragic,http://www.espn.com/nba/player/_/id/3423/goran-dragic
Dwyane Wade,http://www.espn.com/nba/player/_/id/1987/dwyane-wade
Kelly Olynyk,http://www.espn.com/nba/player/_/id/2489663/kelly-olynyk
James Johnson,http://www.espn.com/nba/player/_/id/3999/james-johnson
Justise Winslow,http://www.espn.com/nba/player/_/id/3135047/justise-winslow
Josh Richardson,http://www.espn.com/nba/player/_/id/2581190/josh-richardson
Tyler Johnson,http://www.espn.com/nba/player/_/id/2530276/tyler-johnson
Wayne Ellington,http://www.espn.com/nba/player/_/id/3981/wayne-ellington
Hassan Whiteside,http://www.espn.com/nba/player/_/id/4262/hassan-whiteside
Bam Adebayo,http://www.espn.com/nba/player/_/id/4066261/bam-adebayo
Rodney McGruder,http://www.espn.com/nba/player/_/id/2488826/rodney-mcgruder
Giannis Antetokounmpo,http://www.espn.com/nba/player/_/id/3032977/giannis-antetokounmpo
Khris Middleton,http://www.espn.com/nba/player/_/id/6609/khris-middleton
Eric Bledsoe,http://www.espn.com/nba/player/_/id/4238/eric-bledsoe
Jabari Parker,http://www.espn.com/nba/player/_/id/3056600/jabari-parker
John Henson,http://www.espn.com/nba/player/_/id/6592/john-henson
Malcolm Brogdon,http://www.espn.com/nba/player/_/id/2566769/malcolm-brogdon
Shabazz Muhammad,http://www.espn.com/nba/player/_/id/2993875/shabazz-muhammad
Thon Maker,http://www.espn.com/nba/player/_/id/4017843/thon-maker
Tony Snell,http://www.espn.com/nba/player/_/id/2528353/tony-snell
Sterling Brown,http://www.espn.com/nba/player/_/id/3057187/sterling-brown
Jason Terry,http://www.espn.com/nba/player/_/id/841/jason-terry
Brandon Jennings,http://www.espn.com/nba/player/_/id/3997/brandon-jennings
Matthew Dellavedova,http://www.espn.com/nba/player/_/id/2489716/matthew-dellavedova
Jimmy Butler,http://www.espn.com/nba/player/_/id/6430/jimmy-butler
Andrew Wiggins,http://www.espn.com/nba/player/_/id/3059319/andrew-wiggins
Karl-Anthony Towns,http://www.espn.com/nba/player/_/id/3136195/karl-anthony-towns
Derrick Rose,http://www.espn.com/nba/player/_/id/3456/derrick-rose
Jeff Teague,http://www.espn.com/nba/player/_/id/4015/jeff-teague
Jamal Crawford,http://www.espn.com/nba/player/_/id/165/jamal-crawford
Taj Gibson,http://www.espn.com/nba/player/_/id/3986/taj-gibson
Nemanja Bjelica,http://www.espn.com/nba/player/_/id/4269/nemanja-bjelica
Gorgui Dieng,http://www.espn.com/nba/player/_/id/2534781/gorgui-dieng
Aaron Brooks,http://www.espn.com/nba/player/_/id/3192/aaron-brooks
Tyus Jones,http://www.espn.com/nba/player/_/id/3135046/tyus-jones
Marcus Georges-Hunt,http://www.espn.com/nba/player/_/id/2982261/marcus-georges-hunt
Anthony Davis,http://www.espn.com/nba/player/_/id/6583/anthony-davis
Jrue Holiday,http://www.espn.com/nba/player/_/id/3995/jrue-holiday
E'Twaun Moore,http://www.espn.com/nba/player/_/id/6460/e'twaun-moore
Rajon Rondo,http://www.espn.com/nba/player/_/id/3026/rajon-rondo
Jordan Crawford,http://www.espn.com/nba/player/_/id/4243/jordan-crawford
Ian Clark,http://www.espn.com/nba/player/_/id/2489785/ian-clark
Darius Miller,http://www.espn.com/nba/player/_/id/6610/darius-miller
Solomon Hill,http://www.espn.com/nba/player/_/id/2488958/solomon-hill
Cheick Diallo,http://www.espn.com/nba/player/_/id/3919335/cheick-diallo
DeAndre Liggins,http://www.espn.com/nba/player/_/id/6453/deandre-liggins
Emeka Okafor,http://www.espn.com/nba/player/_/id/2399/emeka-okafor
Kristaps Porzingis,http://www.espn.com/nba/player/_/id/3102531/kristaps-porzingis
Tim Hardaway Jr.,http://www.espn.com/nba/player/_/id/2528210/tim-hardaway-jr.
Enes Kanter,http://www.espn.com/nba/player/_/id/6447/enes-kanter
Michael Beasley,http://www.espn.com/nba/player/_/id/3418/michael-beasley
Trey Burke,http://www.espn.com/nba/player/_/id/2579260/trey-burke
Courtney Lee,http://www.espn.com/nba/player/_/id/3445/courtney-lee
Troy Williams,http://www.espn.com/nba/player/_/id/3078286/troy-williams
Jarrett Jack,http://www.espn.com/nba/player/_/id/2768/jarrett-jack
Kyle O'Quinn,http://www.espn.com/nba/player/_/id/6615/kyle-o'quinn
Luke Kornet,http://www.espn.com/nba/player/_/id/3064560/luke-kornet
Frank Ntilikina,http://www.espn.com/nba/player/_/id/4230547/frank-ntilikina
Isaiah Hicks,http://www.espn.com/nba/player/_/id/3074765/isaiah-hicks
Damyean Dotson,http://www.espn.com/nba/player/_/id/2991149/damyean-dotson
Lance Thomas,http://www.espn.com/nba/player/_/id/6485/lance-thomas
Ramon Sessions,http://www.espn.com/nba/player/_/id/3231/ramon-sessions
Ron Baker,http://www.espn.com/nba/player/_/id/2580349/ron-baker
Joakim Noah,http://www.espn.com/nba/player/_/id/3224/joakim-noah
Mindaugas Kuzminskas,http://www.espn.com/nba/player/_/id/3138120/mindaugas-kuzminskas
Russell Westbrook,http://www.espn.com/nba/player/_/id/3468/russell-westbrook
Paul George,http://www.espn.com/nba/player/_/id/4251/paul-george
Carmelo Anthony,http://www.espn.com/nba/player/_/id/1975/carmelo-anthony
Steven Adams,http://www.espn.com/nba/player/_/id/2991235/steven-adams
Jerami Grant,http://www.espn.com/nba/player/_/id/2991070/jerami-grant
Raymond Felton,http://www.espn.com/nba/player/_/id/2753/raymond-felton
Alex Abrines,http://www.espn.com/nba/player/_/id/2995702/alex-abrines
Patrick Patterson,http://www.espn.com/nba/player/_/id/4264/patrick-patterson
Terrance Ferguson,http://www.espn.com/nba/player/_/id/4230546/terrance-ferguson
Josh Huestis,http://www.espn.com/nba/player/_/id/2531364/josh-huestis
Dakari Johnson,http://www.espn.com/nba/player/_/id/3064516/dakari-johnson
Evan Fournier,http://www.espn.com/nba/player/_/id/6588/evan-fournier
Aaron Gordon,http://www.espn.com/nba/player/_/id/3064290/aaron-gordon
Nikola Vucevic,http://www.espn.com/nba/player/_/id/6478/nikola-vucevic
Jonathon Simmons,http://www.espn.com/nba/player/_/id/2579466/jonathon-simmons
Elfrid Payton,http://www.espn.com/nba/player/_/id/2583639/elfrid-payton
D.J. Augustin,http://www.espn.com/nba/player/_/id/3415/d.j.-augustin
Mario Hezonja,http://www.espn.com/nba/player/_/id/2995706/mario-hezonja
Terrence Ross,http://www.espn.com/nba/player/_/id/6619/terrence-ross
Marreese Speights,http://www.espn.com/nba/player/_/id/3460/marreese-speights
Shelvin Mack,http://www.espn.com/nba/player/_/id/6454/shelvin-mack
Rodney Purvis,http://www.espn.com/nba/player/_/id/2982332/rodney-purvis
Bismack Biyombo,http://www.espn.com/nba/player/_/id/6427/bismack-biyombo
Jonathan Isaac,http://www.espn.com/nba/player/_/id/4065654/jonathan-isaac
Jamel Artis,http://www.espn.com/nba/player/_/id/3059276/jamel-artis
Khem Birch,http://www.espn.com/nba/player/_/id/2578240/khem-birch
Adreian Payne,http://www.espn.com/nba/player/_/id/2531100/adreian-payne
Wesley Iwundu,http://www.espn.com/nba/player/_/id/3074797/wesley-iwundu
Arron Afflalo,http://www.espn.com/nba/player/_/id/3187/arron-afflalo
Joel Embiid,http://www.espn.com/nba/player/_/id/3059318/joel-embiid
JJ Redick,http://www.espn.com/nba/player/_/id/3024/jj-redick
Dario Saric,http://www.espn.com/nba/player/_/id/3032978/dario-saric
Ben Simmons,http://www.espn.com/nba/player/_/id/3907387/ben-simmons
Robert Covington,http://www.espn.com/nba/player/_/id/2490620/robert-covington
T.J. McConnell,http://www.espn.com/nba/player/_/id/2530530/t.j.-mcconnell
Amir Johnson,http://www.espn.com/nba/player/_/id/2769/amir-johnson
Furkan Korkmaz,http://www.espn.com/nba/player/_/id/3929325/furkan-korkmaz
Markelle Fultz,http://www.espn.com/nba/player/_/id/4066636/markelle-fultz
Justin Anderson,http://www.espn.com/nba/player/_/id/2982340/justin-anderson
Jerryd Bayless,http://www.espn.com/nba/player/_/id/3417/jerryd-bayless
Richaun Holmes,http://www.espn.com/nba/player/_/id/2993370/richaun-holmes
Devin Booker,http://www.espn.com/nba/player/_/id/3136193/devin-booker
TJ Warren,http://www.espn.com/nba/player/_/id/2982334/tj-warren
Josh Jackson,http://www.espn.com/nba/player/_/id/4066297/josh-jackson
Mike James,http://www.espn.com/nba/player/_/id/2528096/mike-james
Isaiah Canaan,http://www.espn.com/nba/player/_/id/2490589/isaiah-canaan
Troy Daniels,http://www.espn.com/nba/player/_/id/2489530/troy-daniels
Alex Len,http://www.espn.com/nba/player/_/id/2596107/alex-len
Tyler Ulis,http://www.espn.com/nba/player/_/id/3136194/tyler-ulis
Marquese Chriss,http://www.espn.com/nba/player/_/id/3907487/marquese-chriss
Danuel House Jr.,http://www.espn.com/nba/player/_/id/2991155/danuel-house-jr.
Shaquille Harrison,http://www.espn.com/nba/player/_/id/2991274/shaquille-harrison
Tyson Chandler,http://www.espn.com/nba/player/_/id/984/tyson-chandler
Dragan Bender,http://www.espn.com/nba/player/_/id/4011991/dragan-bender
Josh Gray,http://www.espn.com/nba/player/_/id/3001308/josh-gray
Alec Peters,http://www.espn.com/nba/player/_/id/3062897/alec-peters
Alan Williams,http://www.espn.com/nba/player/_/id/2579326/alan-williams
Jared Dudley,http://www.espn.com/nba/player/_/id/3201/jared-dudley
Davon Reed,http://www.espn.com/nba/player/_/id/3059262/davon-reed
Derrick Jones Jr.,http://www.espn.com/nba/player/_/id/3936099/derrick-jones-jr.
CJ McCollum,http://www.espn.com/nba/player/_/id/2490149/cj-mccollum
Damian Lillard,http://www.espn.com/nba/player/_/id/6606/damian-lillard
Al-Farouq Aminu,http://www.espn.com/nba/player/_/id/4248/al-farouq-aminu
Jusuf Nurkic,http://www.espn.com/nba/player/_/id/3102530/jusuf-nurkic
Evan Turner,http://www.espn.com/nba/player/_/id/4239/evan-turner
Maurice Harkless,http://www.espn.com/nba/player/_/id/6591/maurice-harkless
Zach Collins,http://www.espn.com/nba/player/_/id/4066650/zach-collins
Jake Layman,http://www.espn.com/nba/player/_/id/2982268/jake-layman
Shabazz Napier,http://www.espn.com/nba/player/_/id/2530780/shabazz-napier
Meyers Leonard,http://www.espn.com/nba/player/_/id/6605/meyers-leonard
Pat Connaughton,http://www.espn.com/nba/player/_/id/2578239/pat-connaughton
Caleb Swanigan,http://www.espn.com/nba/player/_/id/3906671/caleb-swanigan
Ed Davis,http://www.espn.com/nba/player/_/id/4259/ed-davis
Wade Baldwin IV,http://www.espn.com/nba/player/_/id/3136696/wade-baldwin-iv
Zach Randolph,http://www.espn.com/nba/player/_/id/1017/zach-randolph
Buddy Hield,http://www.espn.com/nba/player/_/id/2990984/buddy-hield
Willie Cauley-Stein,http://www.espn.com/nba/player/_/id/2991282/willie-cauley-stein
Bogdan Bogdanovic,http://www.espn.com/nba/player/_/id/3037789/bogdan-bogdanovic
De'Aaron Fox,http://www.espn.com/nba/player/_/id/4066259/de'aaron-fox
Skal Labissiere,http://www.espn.com/nba/player/_/id/3936296/skal-labissiere
Garrett Temple,http://www.espn.com/nba/player/_/id/4023/garrett-temple
Frank Mason III,http://www.espn.com/nba/player/_/id/3059315/frank-mason-iii
Kosta Koufos,http://www.espn.com/nba/player/_/id/3444/kosta-koufos
Justin Jackson,http://www.espn.com/nba/player/_/id/3138156/justin-jackson
Jack Cooley,http://www.espn.com/nba/player/_/id/2488713/jack-cooley
Vince Carter,http://www.espn.com/nba/player/_/id/136/vince-carter
JaKarr Sampson,http://www.espn.com/nba/player/_/id/2608891/jakarr-sampson
Malachi Richardson,http://www.espn.com/nba/player/_/id/3934663/malachi-richardson
Bruno Caboclo,http://www.espn.com/nba/player/_/id/3113297/bruno-caboclo
Georgios Papagiannis,http://www.espn.com/nba/player/_/id/4017846/georgios-papagiannis
LaMarcus Aldridge,http://www.espn.com/nba/player/_/id/2983/lamarcus-aldridge
Patty Mills,http://www.espn.com/nba/player/_/id/4004/patty-mills
Rudy Gay,http://www.espn.com/nba/player/_/id/3005/rudy-gay
Manu Ginobili,http://www.espn.com/nba/player/_/id/272/manu-ginobili
Dejounte Murray,http://www.espn.com/nba/player/_/id/3907497/dejounte-murray
Tony Parker,http://www.espn.com/nba/player/_/id/1015/tony-parker
Pau Gasol,http://www.espn.com/nba/player/_/id/996/pau-gasol
Kyle Anderson,http://www.espn.com/nba/player/_/id/2993874/kyle-anderson
Bryn Forbes,http://www.espn.com/nba/player/_/id/2994526/bryn-forbes
Danny Green,http://www.espn.com/nba/player/_/id/3988/danny-green
Davis Bertans,http://www.espn.com/nba/player/_/id/6426/davis-bertans
Derrick White,http://www.espn.com/nba/player/_/id/3078576/derrick-white
Joffrey Lauvergne,http://www.espn.com/nba/player/_/id/2959753/joffrey-lauvergne
Brandon Paul,http://www.espn.com/nba/player/_/id/2488911/brandon-paul
DeMar DeRozan,http://www.espn.com/nba/player/_/id/3978/demar-derozan
Kyle Lowry,http://www.espn.com/nba/player/_/id/3012/kyle-lowry
Jonas Valanciunas,http://www.espn.com/nba/player/_/id/6477/jonas-valanciunas
CJ Miles,http://www.espn.com/nba/player/_/id/2778/cj-miles
Serge Ibaka,http://www.espn.com/nba/player/_/id/3439/serge-ibaka
Delon Wright,http://www.espn.com/nba/player/_/id/3064447/delon-wright
OG Anunoby,http://www.espn.com/nba/player/_/id/3934719/og-anunoby
Fred VanVleet,http://www.espn.com/nba/player/_/id/2991230/fred-vanvleet
Pascal Siakam,http://www.espn.com/nba/player/_/id/3149673/pascal-siakam
Jakob Poeltl,http://www.espn.com/nba/player/_/id/3134908/jakob-poeltl
Lorenzo Brown,http://www.espn.com/nba/player/_/id/2528787/lorenzo-brown
Norman Powell,http://www.espn.com/nba/player/_/id/2595516/norman-powell
Lucas Nogueira,http://www.espn.com/nba/player/_/id/3032980/lucas-nogueira
Donovan Mitchell,http://www.espn.com/nba/player/_/id/3908809/donovan-mitchell
Joe Ingles,http://www.espn.com/nba/player/_/id/2968436/joe-ingles
Ricky Rubio,http://www.espn.com/nba/player/_/id/4011/ricky-rubio
Rudy Gobert,http://www.espn.com/nba/player/_/id/3032976/rudy-gobert
Jae Crowder,http://www.espn.com/nba/player/_/id/6581/jae-crowder
Derrick Favors,http://www.espn.com/nba/player/_/id/4257/derrick-favors
Alec Burks,http://www.espn.com/nba/player/_/id/6429/alec-burks
Royce O'Neale,http://www.espn.com/nba/player/_/id/2583632/royce-o'neale
Dante Exum,http://www.espn.com/nba/player/_/id/3102528/dante-exum
Raul Neto,http://www.espn.com/nba/player/_/id/2968361/raul-neto
Tony Bradley,http://www.espn.com/nba/player/_/id/4065673/tony-bradley
Jonas Jerebko,http://www.espn.com/nba/player/_/id/3998/jonas-jerebko
David Stockton,http://www.espn.com/nba/player/_/id/2489664/david-stockton
Ekpe Udoh,http://www.espn.com/nba/player/_/id/4261/ekpe-udoh
John Wall,http://www.espn.com/nba/player/_/id/4237/john-wall
Bradley Beal,http://www.espn.com/nba/player/_/id/6580/bradley-beal
Mike Scott,http://www.espn.com/nba/player/_/id/6622/mike-scott
Otto Porter Jr.,http://www.espn.com/nba/player/_/id/2594922/otto-porter-jr.
Markieff Morris,http://www.espn.com/nba/player/_/id/6461/markieff-morris
Kelly Oubre Jr.,http://www.espn.com/nba/player/_/id/3133603/kelly-oubre-jr.
Marcin Gortat,http://www.espn.com/nba/player/_/id/2758/marcin-gortat
Ty Lawson,http://www.espn.com/nba/player/_/id/4000/ty-lawson
Ian Mahinmi,http://www.espn.com/nba/player/_/id/2774/ian-mahinmi
Tomas Satoransky,http://www.espn.com/nba/player/_/id/6621/tomas-satoransky
Jason Smith,http://www.espn.com/nba/player/_/id/3232/jason-smith
Tim Frazier,http://www.espn.com/nba/player/_/id/2488945/tim-frazier
